id,Name,Address,latlong,mainline,photo
JobSite 1,Pine Street Apartments,"715 E Pine St, Seattle, WA 98122",,555-555-5555,
JobSite 2,Madison Office Complex,"2201 E Madison St, Seattle, WA 98112",,555-555-5555,
oj4ik3mc,Wright LLC,"7956 Molly Avenue Crescent, Woodland, Washington 79735",,555-555-5555,
x5g48wtr,Smith LLC,"9253 Torres Harbors Lane, West Richland, Washington 39253",,555-555-5555,
gqzvlaan,Dennis-Ramsey,"9982 Ruben Viaduct Alley, Wenatchee, Washington 85712",,555-555-5555,
j5chag6c,"Coffey, Price and Turner","2576 Escobar Orchard Backroad, Waterville, Washington 64341",,555-555-5555,
2nx4meny,"Johnston, Lowe and Diaz","7733 Michael Oval Drive, University Place, Washington 24051",,555-555-5555,
ifektfc6,"Brown, Pace and Forbes","2283 Jessica Mount Drive, Toppenish, Washington 91502",,555-555-5555,
ri4yfzga,"Torres, Mclaughlin and Doyle","5461 Garcia Branch Rd, Thorp, Washington 85525",,555-555-5555,
tmmxlinl,Klein Group,"8791 Martin Spring Byway, Tahuya, Washington 69583-9035",,555-555-5555,
p7ncyws6,Morris-Gardner,"8651 Bradley Spurs Close, Tacoma, Washington 02013",,555-555-5555,
eo4wxfd1,Shields Group,"1738 Harris Manors Street, Seattle, Washington 51390-5182",,555-555-5555,
ghhav606,"Bailey, Peters and Jones","1199 Luis Tunnel Alley, Seattle, Washington 57005-6340",,555-555-5555,
yvfqe8ps,Sullivan-Pierce,"2348 Jermaine Rest Drive, Ridgefield, Washington 55219",,555-555-5555,
6mkb5aei,"Porter, Spencer and Castillo","669 Richard Extension St, Reardan, Washington 45209-9775",,555-555-5555,
73l3jfde,Mercado-Holt,"2426 Noah Hollow Backroad, Rainier, Washington 17891",,555-555-5555,
v533ckql,"Taylor, Bolton and Kerr","2564 Erica Curve Court, Puyallup, Washington 65569",,555-555-5555,
8j3onat9,Morgan Ltd,"1011 Robinson Cliffs Close, Puyallup, Washington 06285",,555-555-5555,
76fw013x,"Grant, Rodriguez and Castillo","4611 Mitchell Plaza Boulevard, Port Townsend, Washington 57472-5703",,555-555-5555,
6xxef6zp,Smith-Smith,"4757 Ashley Islands Road, Port Orchard, Washington 76136",,555-555-5555,
cucec4wu,Campbell Ltd,"3150 Ashley Circles Drive, Port Orchard, Washington 51593",,555-555-5555,
uxpg0pfy,Johnson-Ellis,"132 Darren Spring Rd, Port Orchard, Washington 12925",,555-555-5555,
spl8uor6,"Boyer, Gomez and Good","9579 Marshall Greens Byway, Port Angeles, Washington 11264",,555-555-5555,
9j55obyk,Grant-Bryan,"9163 Kelsey View St, Port Angeles, Washington 92491-2518",,555-555-5555,
zkqb6xey,Ramirez LLC,"2389 Bowers Square Way, Pacific, Washington 92304",,555-555-5555,
qzvjsl0f,Chan LLC,"5940 Gregory Prairie Byway, Orting, Washington 02060",,555-555-5555,
tfy2ueaz,Sutton Ltd,"2606 Brandon Valleys Lane, Orient, Washington 85537",,555-555-5555,
5rx0wbrl,"Perry, Conrad and Vargas","6340 Reed Gateway Place, Nordland, Washington 29194",,555-555-5555,
oamsmzb5,Carter Inc,"4806 Melissa Fall Way, Milton, Washington 47799",,555-555-5555,
3pmcs64j,"Young, Rogers and Scott","8015 Roberson Canyon Way, Mead, Washington 36578",,555-555-5555,
wsla7jgu,Watson Group,"1330 Henry Rapid Way, Marlin, Washington 23038",,555-555-5555,
s1waz8wi,"Snyder, Anderson and Ward","9595 Ashley Street St, Malaga, Washington 27271",,555-555-5555,
nxru5vg7,Clarke-Rodriguez,"1615 Scott Shore Road, Lopez Island, Washington 58024",,555-555-5555,
mg2qysgi,"Hart, Perez and Braun","7356 Jamie Centers Place, Latah, Washington 87825",,555-555-5555,
crv07elx,Johnston PLC,"6822 Sosa Motorway Drive, Lamona, Washington 02430",,555-555-5555,
1dkng9uy,"Riddle, Meadows and Brown","2762 Daniel Tunnel Circle, Issaquah, Washington 85346-7887",,555-555-5555,
bbvwnb4g,Cunningham-Rogers,"4313 Russell Pine Backroad, Hoquiam, Washington 88277",,555-555-5555,
vw3sm4oj,Miller Group,"5132 Russell Square Way, Gig Harbor, Washington 86022",,555-555-5555,
0uzn75za,Ritter Inc,"1760 Gonzalez Park Avenue, Gig Harbor, Washington 88217",,555-555-5555,
5ytzjeds,Thompson-Bridges,"5393 Garcia Crescent Way, Fox Island, Washington 31218-9663",,555-555-5555,
gnw7rllo,Smith Ltd,"1469 Johnson Run Lane, Four Lakes, Washington 25483",,555-555-5555,
ahq1p8i9,Rodriguez-Keith,"3205 Lynch Roads Alley, Forks, Washington 87132",,555-555-5555,
pnj6ript,Mack PLC,"4319 Wolf Court Byway, Farmington, Washington 10203",,555-555-5555,
v3oxfcx4,"Curry, Duran and Miller","3678 Jessica Spring Boulevard, Ephrata, Washington 13402",,555-555-5555,
0rexbz4m,"Bradley, Owen and Graham","359 Ellis Port Boulevard, Enumclaw, Washington 59941",,555-555-5555,
yg65g6wm,"Medina, Jimenez and Martinez","4256 Stanley Rue Close, Elk, Washington 45031",,555-555-5555,
xuohw3me,"Miller, Hill and Weiss","9797 Lee Divide Backroad, Curtis, Washington 42106",,555-555-5555,
3829vqwv,Gilbert PLC,"9162 Peter Rest Frontage road, Curtis, Washington 16074",,555-555-5555,
qe6gkkkq,Holmes and Sons,"3998 Anthony Field Boulevard, Creston, Washington 45447",,555-555-5555,
flfjtz7g,Lewis-Watson,"7623 Maxwell Bypass Crescent, Cinebar, Washington 38347",,555-555-5555,
ev61jxfp,Torres-Mathis,"6988 Gutierrez Points Road, Chewelah, Washington 22059-3086",,555-555-5555,
zokw1kan,"Phillips, Burns and Bates","6648 Linda Dam Court, Chewelah, Washington 13304-5300",,555-555-5555,
49n9wijv,"Gardner, Horne and Fox","2368 Griffin Junction Way, Chehalis, Washington 80995",,555-555-5555,
vdypu5o4,Galvan-Reyes,"4268 Daniel Haven Backroad, Centralia, Washington 62694",,555-555-5555,
j1fxqrlq,Ayers-Roberts,"1886 Hernandez Loaf Alley, Burlington, Washington 42664",,555-555-5555,
5hd8kq7v,"Scott, Brennan and Ruiz","9977 Holden Key St, Bremerton, Washington 98620",,555-555-5555,
uqtbkohn,Wilcox-Henderson,"4620 Joe Gardens Avenue, Bremerton, Washington 00834",,555-555-5555,
hwaojghl,Dorsey and Sons,"4368 William Mountains Close, Bremerton, Washington 96178",,555-555-5555,
gn1uwegy,Scott-Medina,"852 Barnes Motorway Boulevard, Blakely Island, Washington 93522",,555-555-5555,
p0zcdlao,"Turner, Bailey and Russell","7071 Tanya Neck Alley, Beverly, Washington 31538",,555-555-5555,
nvjphbtj,Hunt-Washington,"570 Hood Islands Alley, Bay Center, Washington 79523",,555-555-5555,
onznxmfw,"Gates, Ward and Weber","7590 Brad Terrace Drive, Aberdeen, Washington 84511",,555-555-5555,
uvm7nkzz,"Ray, Schmidt and Noble","446 Stevens Track Backroad, Yakima, WA 94481",,555-555-5555,
yneemu9f,Reese-Murphy,"3284 Edward Junctions Drive, Westport, WA 62388",,555-555-5555,
w7qk3hyj,Callahan and Sons,"9670 Rose Crescent Backroad, Waverly, WA 29804-8699",,555-555-5555,
6yk7wdpa,Ray-Perez,"4903 Thomas Knoll Route, Washtucna, WA 02579",,555-555-5555,
7s2kmpzu,Watson PLC,"3252 Quinn Dam St, Usk, WA 20759",,555-555-5555,
32uoilod,Thomas-Waters,"7495 King Parkways Road, Tonasket, WA 24401",,555-555-5555,
80o4ii6q,Rodriguez and Sons,"7061 Meagan Junctions Rd, Tacoma, WA 34187",,555-555-5555,
kqrtzbfv,Martinez-Cook,"2937 Sarah Corners Alley, Tacoma, WA 34585",,555-555-5555,
p0qidv4b,Anderson-Estrada,"9862 Paula Ford Drive, Sumner, WA 34619",,555-555-5555,
lauojxif,Thomas-Johnson,"9310 Stephanie Islands Road, Skykomish, WA 40616",,555-555-5555,
i6gqkyjg,Horn PLC,"2657 Cherry Fall Backroad, Shelton, WA 58527",,555-555-5555,
mzjoetsu,"Cooley, Hunter and Wu","9890 Stacy Greens Avenue, Seattle, WA 66564",,555-555-5555,
nok99rvp,"Yates, Gonzales and Jones","6941 Gina Turnpike Circle, Seattle, WA 86023",,555-555-5555,
eyquhrlb,Clements-Martin,"4513 Brad Roads Way, Seattle, WA 30436",,555-555-5555,
8r7xfwiu,Mckee-Morales,"3480 Smith Point Avenue, Seattle, WA 68060",,555-555-5555,
8exm44h2,Robertson Inc,"2464 Tammy Causeway Highway, Seattle, WA 53860",,555-555-5555,
kl2j5hn3,Powell Ltd,"6842 Courtney Views Frontage road, Roslyn, WA 86871",,555-555-5555,
44te1hn0,Wright-Miller,"8952 Martinez Square Boulevard, Richland, WA 86246",,555-555-5555,
gqkuua8m,"Mann, Smith and Mason","8818 Ramos Rest Route, Redmond, WA 46880",,555-555-5555,
d6iotgjg,"Adams, Mccoy and King","2924 Richard Crescent Avenue, Raymond, WA 35030",,555-555-5555,
3o2454lu,Edwards-Pham,"6849 Kimberly Underpass Byway, Quilcene, WA 29969",,555-555-5555,
dv4fpgaw,James and Sons,"5814 Navarro Center Avenue, Quilcene, WA 47635",,555-555-5555,
mg8lz0lr,Lopez-Wright,"6971 Mcintosh Streets Route, Pullman, WA 59560",,555-555-5555,
d0j2fmvf,Nelson-Waller,"509 Allen Drive Circle, Port Townsend, WA 20875",,555-555-5555,
ainl99si,"Foster, Leblanc and Ortiz","3811 Jeremy Ville Street, Port Ludlow, WA 70302",,555-555-5555,
p6fzsjhq,"Lambert, Harvey and Washington","8963 Williams Inlet Court, Port Angeles, WA 89304",,555-555-5555,
lfp6bt4z,"Smith, Flores and Mclaughlin","360 Anna Roads Frontage road, Paradise Inn, WA 06996",,555-555-5555,
2y626z8b,Nelson-May,"5751 Graham Viaduct Frontage road, Olympia, WA 31087",,555-555-5555,
afbiskbn,Sims-Turner,"7244 Ian Way Byway, Ocean Shores, WA 15023",,555-555-5555,
vy4wucce,Shea-Alexander,"4861 Thomas Fort Backroad, North Bend, WA 32306-3151",,555-555-5555,
qbn8tmns,Jackson-Flores,"8218 Herrera Crossroad Crescent, Nordland, WA 80407",,555-555-5555,
9h9tg4d6,"Bryant, Strong and Williams","8203 Wilson Via Route, Newport, WA 62608-5873",,555-555-5555,
jcuh8reh,Simmons Inc,"8471 Patrick Locks Alley, Naches, WA 58991-1446",,555-555-5555,
2keaiwm4,Hall-Dudley,"824 Thompson Summit Avenue, Montesano, WA 86936-7469",,555-555-5555,
zh1o5rth,Clark-Harris,"4656 Kirk Dale Street, Monroe, WA 12098",,555-555-5555,
2syqtpl8,"Figueroa, Young and Chapman","9649 Mcneil Lake Way, Mccleary, WA 36496",,555-555-5555,
8cu6drl6,Martinez Ltd,"8462 Sharp Ferry Frontage road, Lynden, WA 74884",,555-555-5555,
uc2bui3r,"Johnson, Mclaughlin and Young","1870 Smith Groves Frontage road, Loon Lake, WA 92896",,555-555-5555,